{"cameraMode":{"drawMode":0,"name":"Shaded","section":"Shading Mode"},"sceneLighting":true,"audioPlay":false,"sceneViewState":{"m_AlwaysRefresh":false,"showFog":true,"showSkybox":true,"showFlares":true,"showImageEffects":true,"showParticleSystems":true,"showVisualEffectGraphs":true,"m_FxEnabled":true},"in2DMode":false,"pivot":{"x":2.9802322387695315e-8,"y":0.2752094268798828,"z":0.05718660354614258},"rotation":{"x":0.08267441391944885,"y":0.5839186906814575,"z":-0.059970516711473468,"w":0.8054046034812927},"size":0.44813865423202517,"orthographic":false}